{
  "project_info": {
    "project_number": "116584783672",
    "firebase_url": "https://inclassmoviedatabase.firebaseio.com",
    "project_id": "inclassmoviedatabase",
    "storage_bucket": "inclassmoviedatabase.appspot.com"
  },
  "client": [
    {
      "client_info": {
        "mobilesdk_app_id": "1:116584783672:android:15cfb5b799a86603fbabcd",
        "android_client_info": {
          "package_name": "com.example.inclass10_moviedatabase"
        }
      },
      "oauth_client": [
        {
          "client_id": "116584783672-q4c7jk7rf6f3919nnlouv495rhk7boea.apps.googleusercontent.com",
          "client_type": 1,
          "android_info": {
            "package_name": "com.example.inclass10_moviedatabase",
            "certificate_hash": "b4f14dbf2627dab75801b41c886ecf230fb99054"
          }
        },
        {
          "client_id": "116584783672-l14co4m28sd64372badpu4tsni3ou58l.apps.googleusercontent.com",
          "client_type": 3
        }
      ],
      "api_key": [
        {
          "current_key": ""
        }
      ],
      "services": {
        "appinvite_service": {
          "other_platform_oauth_client": [
            {
              "client_id": "116584783672-l14co4m28sd64372badpu4tsni3ou58l.apps.googleusercontent.com",
              "client_type": 3
            }
          ]
        }
      }
    }
  ],
  "configuration_version": "1"
}